hand,start,draw,bank,income,pop,games,keep,wipe,rounds,strikes,deaths,units,atCap,handFull,bankFull,blocked,replayFail,replayed
8,3,0.9583,3,1,10,24,0.0417,0,29.1250,4.1660,0.2833,5.8226,0.1016,0.2754,0.0179,0.0465,0,1
8,3,1,3,3,10,24,0,0,30,5.0236,0.2778,7.1903,0.7243,0.4986,0.4785,0.6049,0,1
8,3,1,3,6,10,24,0,0,30,5.0236,0.2778,7.1903,0.7243,0.4986,0.4785,0.6049,0,1
8,3,1,3,12,10,24,0,0,30,5.0236,0.2778,7.1903,0.7243,0.4986,0.4785,0.6049,0,1
8,3,0.9583,6,1,10,24,0.0417,0,29.1250,4.1660,0.2833,5.8226,0.1016,0.2754,0.0050,0.0486,0,1
8,3,1,6,3,10,24,0,0,30,4.7764,0.2556,7.3347,0.7799,0.5576,0.5097,0.7236,0,1
8,3,1,6,6,10,24,0,0,30,5.0431,0.2986,7.6243,0.9090,0.5535,0.5389,0.8694,0,1
8,3,1,6,12,10,24,0,0,30,5.0431,0.2986,7.6243,0.9090,0.5535,0.5389,0.8694,0,1
8,3,0.9583,9,1,10,24,0.0417,0,29.1250,4.1660,0.2833,5.8226,0.1016,0.2754,0.0014,0.0486,0,1
8,3,1,9,3,10,24,0,0,30,4.7750,0.2542,7.3396,0.7813,0.5597,0.4847,0.7326,0,1
8,3,1,9,6,10,24,0,0,30,5.0819,0.3042,7.6299,0.9174,0.5569,0.5389,0.8833,0,1
8,3,1,9,12,10,24,0,0,30,4.9042,0.2708,7.7639,0.9285,0.5799,0.5639,0.8951,0,1
8,3,0.9583,12,1,10,24,0.0417,0,29.1250,4.1660,0.2833,5.8226,0.1016,0.2754,0,0.0486,0,1
8,3,1,12,3,10,24,0,0,30,4.7750,0.2542,7.3396,0.7813,0.5597,0.4576,0.7333,0,1
8,3,1,12,6,10,24,0,0,30,5.0819,0.3042,7.6299,0.9174,0.5569,0.5361,0.8861,0,1
8,3,1,12,12,10,24,0,0,30,4.8417,0.2639,7.7479,0.9292,0.5785,0.5639,0.8972,0,1
8,3,0.9583,18,1,10,24,0.0417,0,29.1250,4.1660,0.2833,5.8226,0.1016,0.2754,0,0.0486,0,1
8,3,1,18,3,10,24,0,0,30,4.7750,0.2542,7.3396,0.7813,0.5597,0.4007,0.7333,0,1
8,3,1,18,6,10,24,0,0,30,5.0819,0.3042,7.6299,0.9174,0.5569,0.5319,0.8861,0,1
8,3,1,18,12,10,24,0,0,30,4.8417,0.2639,7.7479,0.9292,0.5785,0.5639,0.8972,0,1
8,3,0.9583,24,1,10,24,0.0417,0,29.1250,4.1660,0.2833,5.8226,0.1016,0.2754,0,0.0486,0,1
8,3,1,24,3,10,24,0,0,30,4.7750,0.2542,7.3396,0.7813,0.5597,0.3410,0.7333,0,1
8,3,1,24,6,10,24,0,0,30,5.0819,0.3042,7.6299,0.9174,0.5569,0.5188,0.8861,0,1
8,3,1,24,12,10,24,0,0,30,4.8417,0.2639,7.7479,0.9292,0.5785,0.5639,0.8972,0,1
