hand,start,draw,dmg,pop,income,bank,games,drawRate,keep,wipe,rounds,strikes,deaths,units,atCap,handFull,bankFull,blocked,replayFail,replayed
8,3,3,1,6,8,16,24,0.9167,0.0833,0,28.7917,6.8046,0.5384,6.0550,0.9957,0.5753,0.5326,0.9790,0,1
8,3,3,1,10,8,16,24,0.9583,0.0417,0,29,8.1322,0.5489,7.4088,0.9239,0.4289,0.4052,0.8779,0,1
8,3,3,1,18,8,16,24,1,0,0,30,9.2389,0.6042,9.3993,0.3715,0.1431,0.1493,0.3049,0,1
8,3,3,1,28,8,16,24,1,0,0,30,9.4708,0.5819,9.8646,0.0042,0.0313,0.0368,0.0014,0,1
8,3,3,1.5000,6,8,16,24,0.9583,0.0417,0,29.1667,6.1886,0.9929,6.0193,0.9957,0.4179,0.3743,0.9779,0,1
8,3,3,1.5000,10,8,16,24,0.9167,0.0833,0,28.7083,7.1974,1.0392,7.2997,0.8933,0.2598,0.2373,0.8200,0,1
8,3,3,1.5000,18,8,16,24,0.9167,0.0833,0,28.6667,8.0930,1.1105,8.7805,0.1759,0.0792,0.0850,0.1257,0,1
8,3,3,1.5000,28,8,16,24,0.8750,0.1250,0,28.6667,8.0262,1.0974,8.9709,0.0022,0.0385,0.0378,0.0007,0,1
8,3,3,2,6,8,16,24,0.9583,0.0417,0,29.4167,5.7578,1.3229,6.0198,0.9950,0.3173,0.2698,0.9759,0,1
8,3,3,2,10,8,16,24,0.9167,0.0833,0,29.6667,6.4761,1.2781,7.2338,0.8181,0.1910,0.1735,0.7184,0,1
8,3,3,2,18,8,16,24,0.9167,0.0833,0,29.3750,7.1121,1.4028,8.2887,0.0773,0.0475,0.0461,0.0539,0,1
8,3,3,2,28,8,16,24,0.7917,0.2083,0,29.2083,7.1184,1.3951,8.3666,0,0.0335,0.0335,0,0,1
8,3,3,3,6,8,16,24,1,0,0,30,5.2264,1.8264,5.9562,0.9882,0.2090,0.1597,0.9646,0,1
8,3,3,3,10,8,16,24,0.7917,0.2083,0,27.8333,5.7904,1.9192,7.1115,0.6512,0.0898,0.0704,0.5397,0,1
8,3,3,3,18,8,16,24,0.8333,0.1667,0,29.3750,6.1560,1.9830,7.6730,0.0199,0.0255,0.0213,0.0113,0,1
8,3,3,3,28,8,16,24,0.8333,0.1667,0,29.4167,6.1459,1.9703,7.6898,0,0.0255,0.0198,0,0,1
8,3,3,4,6,8,16,24,1,0,0,30,4.6028,2.1153,5.9799,0.9729,0.1493,0.1069,0.9306,0,1
8,3,3,4,10,8,16,24,0.7917,0.2083,0,29.1250,5.3162,2.1989,6.8491,0.4678,0.0837,0.0758,0.3448,0,1
8,3,3,4,18,8,16,24,0.6250,0.3750,0,28.2083,5.5775,2.2718,7.1765,0.0052,0.0487,0.0436,0.0030,0,1
8,3,3,4,28,8,16,24,0.6667,0.3333,0,28.2083,5.5805,2.2747,7.1802,0,0.0487,0.0436,0,0,1
