hand,start,draw,pop,income,bank,games,drawRate,keep,wipe,rounds,strikes,deaths,units,atCap,handFull,bankFull,blocked,replayFail,replayed
4,3,1,28,8,16,24,0.9583,0.0417,0,29.0833,4.6805,0.3138,7.1984,0,0.0172,0.0666,0,0,1
6,3,1,28,8,16,24,0.9583,0.0417,0,29.3333,4.2784,0.2770,7.3203,0,0.0043,0.0724,0,0,1
8,3,1,28,8,16,24,0.9583,0.0417,0,29.3333,4.2784,0.2770,7.3260,0,0,0.0696,0,0,1
12,3,1,28,8,16,24,0.9583,0.0417,0,29.3333,4.2784,0.2770,7.3260,0,0,0.0696,0,0,1
16,3,1,28,8,16,24,0.9583,0.0417,0,29.3333,4.2784,0.2770,7.3260,0,0,0.0696,0,0,1
4,3,2,28,8,16,24,0.9583,0.0417,0,30,4.5514,0.2750,8.6514,0,0.0979,0.1042,0,0,1
6,3,2,28,8,16,24,1,0,0,30,4.8750,0.2806,8.8903,0,0.0410,0.0507,0,0,1
8,3,2,28,8,16,24,1,0,0,30,4.9333,0.2764,9.0111,0,0.0104,0.0264,0,0,1
12,3,2,28,8,16,24,1,0,0,30,4.9375,0.2778,9.0361,0,0,0.0181,0,0,1
16,3,2,28,8,16,24,1,0,0,30,4.9375,0.2778,9.0389,0,0,0.0181,0,0,1
4,3,3,28,8,16,24,0.9583,0.0417,0,29.7917,4.6140,0.2713,9.2007,0.0028,0.1559,0.1490,0.0007,0,1
6,3,3,28,8,16,24,0.9167,0.0833,0,29.9167,5.0084,0.2618,9.9220,0.0084,0.0870,0.0891,0.0028,0,1
8,3,3,28,8,16,24,1,0,0,30,4.9403,0.2625,10.5354,0.0160,0.0569,0.0563,0.0097,0,1
12,3,3,28,8,16,24,1,0,0,30,4.8819,0.2514,10.8160,0.0313,0.0063,0.0104,0.0153,0,1
16,3,3,28,8,16,24,1,0,0,30,4.8722,0.2542,10.8833,0.0326,0,0.0049,0.0153,0,1
4,3,5,28,8,16,24,0.9583,0.0417,0,30,4.6167,0.2667,9.4979,0.0090,0.2000,0.1917,0.0049,0,1
6,3,5,28,8,16,24,1,0,0,30,5.1750,0.2500,10.5340,0.0542,0.1750,0.1681,0.0382,0,1
8,3,5,28,8,16,24,1,0,0,30,5.2139,0.2403,11.5271,0.1187,0.1556,0.1493,0.1007,0,1
12,3,5,28,8,16,24,1,0,0,30,6.2444,0.2819,12.5340,0.2681,0.1285,0.1229,0.2389,0,1
16,3,5,28,8,16,24,1,0,0,30,6.3083,0.2444,13.0417,0.3792,0.1451,0.1403,0.3583,0,1
4,3,8,28,8,16,24,0.9583,0.0417,0,30,4.6167,0.2667,9.4979,0.0090,0.2000,0.1917,0.0049,0,1
6,3,8,28,8,16,24,1,0,0,30,5.2403,0.2944,10.5431,0.0597,0.1757,0.1708,0.0479,0,1
8,3,8,28,8,16,24,1,0,0,30,5.9208,0.2222,11.6382,0.1222,0.1403,0.1403,0.0951,0,1
12,3,8,28,8,16,24,1,0,0,30,5.7347,0.2583,12.7153,0.3104,0.1625,0.1604,0.2729,0,1
16,3,8,28,8,16,24,1,0,0,30,5.7014,0.2111,13.2417,0.4354,0.1743,0.1681,0.4014,0,1
