hand,start,draw,seize,dmg,income,pop,bank,games,drawRate,keep,wipe,rounds,strikes,deaths,units,atCap,handFull,bankFull,blocked,replayFail,replayed
8,3,3,0,1,3,10,6,30,0.9000,0.1000,0,28.2333,8.1228,0.5596,7.1724,0.7060,0.3642,0.3076,0.6405,0,1
8,3,3,0,2,3,10,6,30,0.9000,0.1000,0,28.6333,6.3318,1.2468,6.7881,0.4674,0.1263,0.0815,0.3452,0,1
8,3,3,0,4,3,10,6,30,0.9000,0.1000,0,29.3667,4.6754,2.0772,5.9824,0.1095,0.0301,0.0176,0.0636,0,1
8,3,3,0.6000,1,3,10,6,30,0.9000,0.1000,0,28.2333,8.1665,0.5632,7.1812,0.7072,0.3648,0.3070,0.6417,0,1
8,3,3,0.6000,2,3,10,6,30,0.9000,0.1000,0,28,6.3607,1.2726,6.7982,0.4500,0.1190,0.0744,0.3292,0,1
8,3,3,0.6000,4,3,10,6,30,0.8333,0.1667,0,28.7333,4.6798,2.0789,5.9855,0.1189,0.0389,0.0226,0.0731,0,1
8,3,3,0.9000,1,3,10,6,30,0.9333,0.0667,0,28.7667,8.0869,0.5574,7.1738,0.7149,0.3575,0.3065,0.6385,0,1
8,3,3,0.9000,2,3,10,6,30,0.9667,0.0333,0,29.3000,6.1286,1.1945,6.7389,0.4596,0.1638,0.1098,0.3549,0,1
8,3,3,0.9000,4,3,10,6,30,0.8667,0.1333,0,28.7000,4.7433,2.0499,6.1539,0.1156,0.0215,0.0099,0.0592,0,1
8,3,3,1,1,3,10,6,30,1,0,0,30,8.0389,0.5156,7.2300,0.7283,0.3900,0.3400,0.6622,0,1
8,3,3,1,2,3,10,6,30,0.9333,0.0667,0,29.2333,6.2953,1.2645,6.7645,0.4498,0.1345,0.0855,0.3432,0,1
8,3,3,1,4,3,10,6,30,0.9000,0.1000,0,29.1000,4.7056,2.0470,6.2537,0.1501,0.0304,0.0178,0.0899,0,1
8,3,3,1.3000,1,3,10,6,30,0.9667,0.0333,0,29.2000,7.6553,0.4886,7.1712,0.7237,0.4195,0.3613,0.6513,0,1
8,3,3,1.3000,2,3,10,6,30,0.9333,0.0667,0,29.7667,6.2049,1.1971,6.7744,0.4742,0.1473,0.1002,0.3628,0,1
8,3,3,1.3000,4,3,10,6,30,0.8667,0.1333,0,29.0667,4.7236,2.0252,6.2030,0.1101,0.0315,0.0166,0.0562,0,1
8,3,3,2,1,3,10,6,30,0.9667,0.0333,0,29.2000,7.5354,0.4874,7.0748,0.7146,0.4024,0.3465,0.6530,0,1
8,3,3,2,2,3,10,6,30,0.9333,0.0667,0,29.2000,6.0514,1.1393,6.7768,0.4857,0.1661,0.1164,0.3653,0,1
8,3,3,2,4,3,10,6,30,0.8667,0.1333,0,29.3333,4.8330,2.0591,6.1977,0.1205,0.0347,0.0193,0.0710,0,1
