hand,start,draw,dvil,muster,dkeep,seize,pop,income,bank,games,drawRate,keep,wipe,rounds,strikes,deaths,units,atCap,handFull,bankFull,blocked,replayFail,replayed
8,3,3,1,0,1,0,18,4,8,80,0.7375,0.2625,0,26.2250,8.0448,0.3656,9.2409,0.3356,0.1766,0.1563,0.2867,0,1
8,3,3,1,0,1,1.3000,18,4,8,80,0.9500,0.0500,0,29.5000,7.5127,0.3275,9.3826,0.3576,0.2030,0.1818,0.3036,0,1
8,3,3,1,0,4,0,18,4,8,80,0.8500,0.1500,0,28.3000,8.5693,0.3405,9.2992,0.3553,0.1824,0.1630,0.2977,0,1
8,3,3,1,0,4,1.3000,18,4,8,80,0.9500,0.0500,0,29.7000,7.1604,0.3144,9.4068,0.3670,0.1972,0.1763,0.3110,0,1
8,3,3,1,1,1,0,18,4,8,80,0.6125,0.3875,0,25.8750,9.6271,0.5343,9.2150,0.2944,0.1244,0.1060,0.2367,0,1
8,3,3,1,1,1,1.3000,18,4,8,80,0.8750,0.1250,0,28.4750,9.5694,0.5404,9.2329,0.3123,0.1464,0.1288,0.2553,0,1
8,3,3,1,1,4,0,18,4,8,80,0.9125,0.0875,0,29.0250,9.9087,0.5409,9.1824,0.3081,0.1376,0.1178,0.2547,0,1
8,3,3,1,1,4,1.3000,18,4,8,80,0.9125,0.0875,0,29.1000,9.0829,0.4768,9.2315,0.3140,0.1495,0.1293,0.2605,0,1
8,3,3,2,0,1,0,18,4,8,80,0.6375,0.3625,0,24.8750,8.6337,0.3945,9.0932,0.3241,0.1719,0.1538,0.2766,0,1
8,3,3,2,0,1,1.3000,18,4,8,80,0.9250,0.0750,0,28.6250,8.2751,0.3677,9.1860,0.3515,0.1843,0.1688,0.3026,0,1
8,3,3,2,0,4,0,18,4,8,80,0.7250,0.2750,0,26.3375,8.9820,0.3930,9.1004,0.3301,0.1554,0.1350,0.2738,0,1
8,3,3,2,0,4,1.3000,18,4,8,80,0.9750,0.0250,0,29.8750,7.7900,0.3418,9.3086,0.3485,0.1931,0.1743,0.2962,0,1
8,3,3,2,1,1,0,18,4,8,80,0.4250,0.5750,0,21.0625,9.0107,0.4528,8.8985,0.2448,0.1184,0.1042,0.2047,0,1
8,3,3,2,1,1,1.3000,18,4,8,80,0.8750,0.1250,0,27.9125,9.3569,0.4622,9.1941,0.3197,0.1623,0.1449,0.2665,0,1
8,3,3,2,1,4,0,18,4,8,80,0.8125,0.1875,0,28.5750,9.8635,0.4934,9.1540,0.3180,0.1487,0.1321,0.2616,0,1
8,3,3,2,1,4,1.3000,18,4,8,80,0.9125,0.0875,0,28.8875,9.2730,0.4505,9.1804,0.3271,0.1679,0.1521,0.2696,0,1
8,3,3,3,0,1,0,18,4,8,80,0.5750,0.4250,0,23.0250,9.6048,0.5239,8.7959,0.2641,0.1298,0.1183,0.2144,0,1
8,3,3,3,0,1,1.3000,18,4,8,80,0.8625,0.1375,0,27.7750,9.6427,0.5243,8.9458,0.3018,0.1440,0.1325,0.2410,0,1
8,3,3,3,0,4,0,18,4,8,80,0.5750,0.4250,0,23.0125,9.5312,0.5014,8.8946,0.2569,0.1195,0.1070,0.2132,0,1
8,3,3,3,0,4,1.3000,18,4,8,80,0.9125,0.0875,0,29.1125,9.1069,0.5152,9.0893,0.3132,0.1344,0.1211,0.2559,0,1
8,3,3,3,1,1,0,18,4,8,80,0.4125,0.5875,0,21.0875,9.6811,0.5578,8.7739,0.2045,0.0833,0.0765,0.1651,0,1
8,3,3,3,1,1,1.3000,18,4,8,80,0.8500,0.1500,0,27.1750,9.9660,0.5759,8.8990,0.2879,0.1359,0.1224,0.2364,0,1
8,3,3,3,1,4,0,18,4,8,80,0.6000,0.4000,0,23.5500,10.1099,0.5764,8.8912,0.2614,0.1123,0.1016,0.2099,0,1
8,3,3,3,1,4,1.3000,18,4,8,80,0.9125,0.0875,0,29.0750,9.6973,0.5666,8.9355,0.2801,0.1322,0.1219,0.2229,0,1
8,3,3,4,0,1,0,18,4,8,80,0.4125,0.5875,0,19.1250,9.8837,0.5980,8.5980,0.2098,0.0801,0.0742,0.1706,0,1
8,3,3,4,0,1,1.3000,18,4,8,80,0.7625,0.2375,0,25.4500,10.8502,0.7102,8.7458,0.2296,0.0914,0.0820,0.1825,0,1
8,3,3,4,0,4,0,18,4,8,80,0.3625,0.6375,0,18.4625,9.5328,0.5836,8.6066,0.1984,0.0680,0.0613,0.1571,0,1
8,3,3,4,0,4,1.3000,18,4,8,80,0.9250,0.0750,0,29.2125,9.8977,0.6217,8.9303,0.2777,0.1205,0.1108,0.2187,0,1
8,3,3,4,1,1,0,18,4,8,80,0.3125,0.6875,0,17.9750,9.9096,0.6245,8.5132,0.1638,0.0549,0.0490,0.1273,0,1
8,3,3,4,1,1,1.3000,18,4,8,80,0.8250,0.1750,0,27,10.8995,0.7296,8.6694,0.2271,0.0935,0.0792,0.1806,0,1
8,3,3,4,1,4,0,18,4,8,80,0.4625,0.5375,0,20.4875,10.0458,0.5985,8.6818,0.2203,0.0796,0.0744,0.1849,0,1
8,3,3,4,1,4,1.3000,18,4,8,80,0.8750,0.1250,0,27.8750,10.4300,0.7063,8.7962,0.2554,0.1002,0.0922,0.2022,0,1
8,3,3,5,0,1,0,18,4,8,80,0.4000,0.6000,0,18.9125,9.9484,0.6325,8.4544,0.1702,0.0697,0.0598,0.1312,0,1
8,3,3,5,0,1,1.3000,18,4,8,80,0.8125,0.1875,0,27.5125,10.9955,0.7192,8.6556,0.2090,0.0831,0.0775,0.1633,0,1
8,3,3,5,0,4,0,18,4,8,80,0.3875,0.6125,0,18.9625,9.9071,0.5926,8.5939,0.1816,0.0613,0.0557,0.1348,0,1
8,3,3,5,0,4,1.3000,18,4,8,80,0.9000,0.1000,0,28.6625,9.8932,0.6293,8.8722,0.2686,0.1136,0.1016,0.2141,0,1
8,3,3,5,1,1,0,18,4,8,80,0.2625,0.7375,0,17.1875,9.8785,0.6298,8.3593,0.1335,0.0553,0.0458,0.1025,0,1
8,3,3,5,1,1,1.3000,18,4,8,80,0.7750,0.2250,0,26.4125,11.2811,0.7724,8.6311,0.1962,0.0802,0.0700,0.1481,0,1
8,3,3,5,1,4,0,18,4,8,80,0.4000,0.6000,0,19.8125,10.0290,0.6183,8.5871,0.1842,0.0767,0.0675,0.1432,0,1
8,3,3,5,1,4,1.3000,18,4,8,80,0.7875,0.2125,0,27.0125,10.3832,0.6821,8.7501,0.2217,0.0787,0.0696,0.1659,0,1
8,3,3,6,0,1,0,18,4,8,80,0.3250,0.6750,0,17.3375,10.1110,0.6186,8.4438,0.1611,0.0537,0.0508,0.1258,0,1
8,3,3,6,0,1,1.3000,18,4,8,80,0.8125,0.1875,0,27.1875,11.1025,0.7297,8.6936,0.2462,0.0864,0.0775,0.1899,0,1
8,3,3,6,0,4,0,18,4,8,80,0.3500,0.6500,0,18.2625,9.6639,0.6037,8.4784,0.1680,0.0739,0.0678,0.1294,0,1
8,3,3,6,0,4,1.3000,18,4,8,80,0.8875,0.1125,0,28.9125,9.9650,0.6381,8.8048,0.2631,0.1055,0.0977,0.2073,0,1
8,3,3,6,1,1,0,18,4,8,80,0.3250,0.6750,0,18.1000,10.0304,0.6533,8.4883,0.1509,0.0518,0.0439,0.1160,0,1
8,3,3,6,1,1,1.3000,18,4,8,80,0.7375,0.2625,0,26.7250,11.2208,0.7540,8.6225,0.2343,0.0793,0.0720,0.1763,0,1
8,3,3,6,1,4,0,18,4,8,80,0.3750,0.6250,0,18.7500,9.8247,0.6147,8.5620,0.1960,0.0717,0.0687,0.1523,0,1
8,3,3,6,1,4,1.3000,18,4,8,80,0.8125,0.1875,0,27.5625,10.2413,0.7052,8.6308,0.2290,0.0934,0.0830,0.1739,0,1
