hand,start,draw,dkeep,dvil,muster,pop,income,bank,games,drawRate,keep,wipe,rounds,strikes,deaths,units,atCap,handFull,bankFull,blocked,replayFail,replayed
8,3,3,1,1,0,10,4,8,24,0.7083,0.2917,0,27.1250,7.8879,0.4332,7.3356,0.8249,0.4631,0.4224,0.7757,0,1
8,3,3,1,1,0,18,4,8,24,0.7083,0.2917,0,27.3750,8.8265,0.5190,9.0989,0.2854,0.1256,0.1065,0.2329,0,1
8,3,3,1,1,1,10,4,8,24,0.8333,0.1667,0,26.9167,8.9938,0.6176,7.2074,0.8111,0.3769,0.3351,0.7415,0,1
8,3,3,1,1,1,18,4,8,24,0.6250,0.3750,0,24.5417,11.0357,0.8149,8.6910,0.1851,0.0705,0.0535,0.1307,0,1
8,3,3,1,2,0,10,4,8,24,0.8333,0.1667,0,27.0833,8.1323,0.4477,7.3346,0.8169,0.4823,0.4377,0.7708,0,1
8,3,3,1,2,0,18,4,8,24,0.7083,0.2917,0,26.1250,9.6172,0.5742,8.9115,0.2807,0.1100,0.1005,0.2153,0,1
8,3,3,1,2,1,10,4,8,24,0.7083,0.2917,0,24.8750,8.9933,0.6399,7.2060,0.7998,0.3760,0.3367,0.7529,0,1
8,3,3,1,2,1,18,4,8,24,0.7500,0.2500,0,25.4583,10.9264,0.7087,8.7725,0.2275,0.1105,0.0998,0.1743,0,1
8,3,3,1,4,0,10,4,8,24,0.8333,0.1667,0,28.4583,8.1259,0.4758,7.1018,0.8258,0.4561,0.4158,0.7775,0,1
8,3,3,1,4,0,18,4,8,24,0.9167,0.0833,0,29.6250,10.2616,0.6498,8.7412,0.2644,0.1069,0.0956,0.2180,0,1
8,3,3,1,4,1,10,4,8,24,0.7500,0.2500,0,25.0417,8.6789,0.5275,6.9559,0.8070,0.4309,0.3860,0.7504,0,1
8,3,3,1,4,1,18,4,8,24,0.5417,0.4583,0,22.0833,10.6396,0.7264,8.5434,0.2245,0.0943,0.0906,0.1783,0,1
8,3,3,1,5,0,10,4,8,24,0.9583,0.0417,0,29.4167,8.4193,0.5524,6.9901,0.8364,0.4249,0.3881,0.7741,0,1
8,3,3,1,5,0,18,4,8,24,0.8333,0.1667,0,28.7083,10.6865,0.6386,8.5943,0.2402,0.1168,0.1052,0.1901,0,1
8,3,3,1,5,1,10,4,8,24,0.8750,0.1250,0,28.8750,8.6176,0.5729,7.0916,0.8276,0.4185,0.3766,0.7799,0,1
8,3,3,1,5,1,18,4,8,24,0.9167,0.0833,0,28.7083,11.5094,0.7997,8.6030,0.2134,0.0682,0.0639,0.1524,0,1
8,3,3,1,6,0,10,4,8,24,0.7500,0.2500,0,25.9167,8.2524,0.5129,6.9711,0.7934,0.4220,0.3859,0.7355,0,1
8,3,3,1,6,0,18,4,8,24,0.9167,0.0833,0,28.3333,11.3000,0.7265,8.5574,0.2471,0.0809,0.0728,0.1816,0,1
8,3,3,1,6,1,10,4,8,24,0.7500,0.2500,0,26.8750,8.7039,0.5891,7.0209,0.8031,0.4186,0.3736,0.7457,0,1
8,3,3,1,6,1,18,4,8,24,0.7917,0.2083,0,27.6667,11.3976,0.7907,8.4925,0.1995,0.0768,0.0670,0.1544,0,1
8,3,3,2,1,0,10,4,8,24,0.8750,0.1250,0,27.9167,7.8328,0.4896,7.2881,0.8343,0.4522,0.4164,0.7813,0,1
8,3,3,2,1,0,18,4,8,24,0.8750,0.1250,0,28.0417,8.9733,0.5379,9.1753,0.3031,0.1308,0.1085,0.2452,0,1
8,3,3,2,1,1,10,4,8,24,0.6667,0.3333,0,25.7917,9.1729,0.6543,7.2577,0.8102,0.3724,0.3328,0.7480,0,1
8,3,3,2,1,1,18,4,8,24,0.7500,0.2500,0,26.2500,10.9810,0.7857,8.7778,0.2135,0.0952,0.0794,0.1587,0,1
8,3,3,2,2,0,10,4,8,24,0.6250,0.3750,0,24.0417,7.9757,0.4939,7.3267,0.8172,0.4038,0.3674,0.7591,0,1
8,3,3,2,2,0,18,4,8,24,0.9167,0.0833,0,29.4167,9.3839,0.6076,9.0439,0.2847,0.1140,0.0935,0.2224,0,1
8,3,3,2,2,1,10,4,8,24,0.7083,0.2917,0,25.4583,8.8642,0.5761,7.1776,0.8134,0.4002,0.3584,0.7414,0,1
8,3,3,2,2,1,18,4,8,24,0.7917,0.2083,0,27.8333,11.2201,0.7844,8.8892,0.2373,0.0793,0.0666,0.1826,0,1
8,3,3,2,4,0,10,4,8,24,0.6667,0.3333,0,26.9583,8.0216,0.4853,7.2975,0.8346,0.4389,0.4034,0.7906,0,1
8,3,3,2,4,0,18,4,8,24,0.8750,0.1250,0,28.1667,9.7899,0.6154,8.9430,0.2751,0.1036,0.0851,0.2189,0,1
8,3,3,2,4,1,10,4,8,24,0.6250,0.3750,0,24.0417,8.8388,0.5650,7.0806,0.7964,0.3951,0.3458,0.7296,0,1
8,3,3,2,4,1,18,4,8,24,0.5833,0.4167,0,22.9583,10.5517,0.7205,8.4936,0.1960,0.0835,0.0789,0.1506,0,1
8,3,3,2,5,0,10,4,8,24,0.7083,0.2917,0,27.5417,8.3313,0.4932,7.2549,0.8381,0.4425,0.4002,0.7897,0,1
8,3,3,2,5,0,18,4,8,24,0.7500,0.2500,0,27.2500,10.2676,0.6789,8.6804,0.2446,0.1116,0.0986,0.1965,0,1
8,3,3,2,5,1,10,4,8,24,0.6667,0.3333,0,24.2083,8.5594,0.5370,7.1299,0.7874,0.4045,0.3623,0.7298,0,1
8,3,3,2,5,1,18,4,8,24,0.5833,0.4167,0,22.6250,10.8987,0.7790,8.4816,0.1842,0.0552,0.0506,0.1455,0,1
8,3,3,2,6,0,10,4,8,24,0.7917,0.2083,0,27.5000,8.4348,0.5197,7.1068,0.8356,0.4265,0.3864,0.7856,0,1
8,3,3,2,6,0,18,4,8,24,0.7917,0.2083,0,27.4583,10.5144,0.6646,8.7375,0.2329,0.1093,0.1009,0.1730,0,1
8,3,3,2,6,1,10,4,8,24,0.7083,0.2917,0,25.2500,8.8944,0.5974,7.0627,0.7921,0.3853,0.3342,0.7285,0,1
8,3,3,2,6,1,18,4,8,24,0.7083,0.2917,0,24.7083,11.0624,0.7943,8.4452,0.1762,0.0641,0.0565,0.1341,0,1
8,3,3,4,1,0,10,4,8,24,0.9583,0.0417,0,29.4167,8.0297,0.4674,7.4419,0.8307,0.4688,0.4193,0.7890,0,1
8,3,3,4,1,0,18,4,8,24,0.9583,0.0417,0,29.6667,9.2753,0.5463,9.1264,0.2760,0.0948,0.0808,0.2254,0,1
8,3,3,4,1,1,10,4,8,24,0.7917,0.2083,0,27.2917,9.0534,0.5893,7.3206,0.8229,0.4260,0.3863,0.7740,0,1
8,3,3,4,1,1,18,4,8,24,0.8333,0.1667,0,26.8750,10.4062,0.6729,8.8140,0.2488,0.1256,0.1124,0.2031,0,1
8,3,3,4,2,0,10,4,8,24,0.8750,0.1250,0,28.9167,8.1599,0.4870,7.2450,0.8249,0.4481,0.4020,0.7824,0,1
8,3,3,4,2,0,18,4,8,24,0.8750,0.1250,0,28.7500,9.6594,0.5667,8.9312,0.2746,0.1290,0.1109,0.2239,0,1
8,3,3,4,2,1,10,4,8,24,0.7917,0.2083,0,27.6250,8.9563,0.5716,7.1229,0.8243,0.4087,0.3718,0.7760,0,1
8,3,3,4,2,1,18,4,8,24,0.6667,0.3333,0,25.6250,10.6537,0.6992,8.8081,0.2301,0.0943,0.0837,0.1846,0,1
8,3,3,4,4,0,10,4,8,24,0.7917,0.2083,0,27.8333,8.2560,0.4955,7.2126,0.8174,0.4424,0.3975,0.7725,0,1
8,3,3,4,4,0,18,4,8,24,0.7083,0.2917,0,25.8750,9.9404,0.6216,8.8502,0.2488,0.0958,0.0862,0.1940,0,1
8,3,3,4,4,1,10,4,8,24,0.5833,0.4167,0,23.9583,8.8626,0.5443,7.1504,0.7957,0.3852,0.3565,0.7357,0,1
8,3,3,4,4,1,18,4,8,24,0.6250,0.3750,0,24.1250,11.2418,0.7686,8.6295,0.2133,0.0570,0.0475,0.1503,0,1
8,3,3,4,5,0,10,4,8,24,0.7500,0.2500,0,27.4583,8.2807,0.5159,7.2185,0.8027,0.4249,0.3847,0.7587,0,1
8,3,3,4,5,0,18,4,8,24,0.8333,0.1667,0,28.5417,10.7109,0.6993,8.8431,0.2453,0.0869,0.0781,0.1964,0,1
8,3,3,4,5,1,10,4,8,24,0.6250,0.3750,0,25.2083,8.9388,0.5372,7.1405,0.8058,0.4058,0.3711,0.7529,0,1
8,3,3,4,5,1,18,4,8,24,0.5417,0.4583,0,24,11.2917,0.7865,8.5148,0.1953,0.0686,0.0599,0.1545,0,1
8,3,3,4,6,0,10,4,8,24,0.7500,0.2500,0,28.5417,8.3343,0.5328,7.1088,0.8204,0.4438,0.4022,0.7781,0,1
8,3,3,4,6,0,18,4,8,24,0.8333,0.1667,0,27.6667,10.5045,0.6627,8.6875,0.2538,0.1039,0.0941,0.2011,0,1
8,3,3,4,6,1,10,4,8,24,0.5833,0.4167,0,23.3333,8.8661,0.5143,7.1509,0.7884,0.4000,0.3589,0.7286,0,1
8,3,3,4,6,1,18,4,8,24,0.6250,0.3750,0,24.8333,11.5017,0.8154,8.6267,0.2198,0.0545,0.0461,0.1711,0,1
8,3,3,6,1,0,10,4,8,24,0.8333,0.1667,0,27.0833,8.3569,0.4723,7.1662,0.8246,0.4623,0.4162,0.7731,0,1
8,3,3,6,1,0,18,4,8,24,0.7500,0.2500,0,26.4583,10.2268,0.6189,8.8575,0.2630,0.1213,0.0976,0.2016,0,1
8,3,3,6,1,1,10,4,8,24,0.8750,0.1250,0,28.6250,8.7787,0.5779,7.2009,0.8253,0.4163,0.3719,0.7686,0,1
8,3,3,6,1,1,18,4,8,24,0.9583,0.0417,0,29.9167,10.7354,0.7075,8.7298,0.2437,0.1107,0.0933,0.1957,0,1
8,3,3,6,2,0,10,4,8,24,0.7917,0.2083,0,26.6250,8.6307,0.5634,7.2629,0.8161,0.4155,0.3740,0.7582,0,1
8,3,3,6,2,0,18,4,8,24,0.8333,0.1667,0,26.4167,10.3644,0.6593,8.8565,0.2879,0.1341,0.1136,0.2461,0,1
8,3,3,6,2,1,10,4,8,24,0.7500,0.2500,0,26.7917,9.0886,0.5257,7.1151,0.8258,0.4323,0.3904,0.7706,0,1
8,3,3,6,2,1,18,4,8,24,0.9583,0.0417,0,29.3750,10.8340,0.6553,8.7660,0.2674,0.1241,0.1092,0.2014,0,1
8,3,3,6,4,0,10,4,8,24,0.7917,0.2083,0,25.8333,8.5323,0.5516,7.0403,0.8048,0.4185,0.3782,0.7532,0,1
8,3,3,6,4,0,18,4,8,24,0.6667,0.3333,0,23.6667,10.6039,0.6866,8.5827,0.2491,0.0898,0.0783,0.1893,0,1
8,3,3,6,4,1,10,4,8,24,0.8750,0.1250,0,28.7917,9.0043,0.5586,7.1476,0.8213,0.4190,0.3741,0.7692,0,1
8,3,3,6,4,1,18,4,8,24,0.6667,0.3333,0,27.5833,10.9773,0.7447,8.6767,0.2334,0.0944,0.0831,0.1745,0,1
8,3,3,6,5,0,10,4,8,24,0.6667,0.3333,0,24.8750,8.4908,0.5276,7.1072,0.7931,0.4296,0.3970,0.7429,0,1
8,3,3,6,5,0,18,4,8,24,0.5417,0.4583,0,23.0417,10.6618,0.7143,8.5524,0.2242,0.0823,0.0687,0.1736,0,1
8,3,3,6,5,1,10,4,8,24,0.6667,0.3333,0,25.8750,8.9147,0.5556,7.0604,0.8003,0.4130,0.3615,0.7375,0,1
8,3,3,6,5,1,18,4,8,24,0.7917,0.2083,0,26.7917,11.1540,0.7745,8.5397,0.2325,0.1182,0.0941,0.1851,0,1
8,3,3,6,6,0,10,4,8,24,0.6667,0.3333,0,24.0833,8.5035,0.5121,7.0804,0.7941,0.4308,0.3979,0.7457,0,1
8,3,3,6,6,0,18,4,8,24,0.7083,0.2917,0,23.6667,10.6954,0.6673,8.4894,0.2298,0.1039,0.0986,0.1822,0,1
8,3,3,6,6,1,10,4,8,24,0.7917,0.2083,0,26.7917,9.0840,0.5956,7.0575,0.8149,0.4145,0.3663,0.7512,0,1
8,3,3,6,6,1,18,4,8,24,0.6250,0.3750,0,26.7083,11.5413,0.8253,8.5359,0.2192,0.0928,0.0764,0.1708,0,1
